{
  "$schema": "https://schema.management.azure.com/schemas/2015-01-01/deploymentTemplate.json#",
  "contentVersion": "1.0.0.0",
  "parameters": {
      "storageAccountNamePrefix": {
          "type": "string"
      },
      "storageAccountType": {
          "type": "string"
      },
      "location": {
          "type": "string",
          "defaultValue": "[resourceGroup().location]"
      }
  },
  "variables": {
      "storageAccountName": "[concat(parameters('storageAccountNamePrefix'), uniqueString('storage'))]"
  },
  "resources": [
      {
          "type": "Microsoft.Storage/storageAccounts",
          "name": "[variables('storageAccountName')]",
          "apiVersion": "2016-01-01",
          "location": "[parameters('location')]",
          "sku": {
              "name": "[parameters('storageAccountType')]"
          },
          "kind": "Storage",
          "properties": {}
      }
  ],
  "outputs": {
      "storageEndpoint": {
          "type": "string",
          "value": "[reference(resourceId('Microsoft.Storage/storageAccounts/', variables('storageAccountName')), '2016-01-01').primaryEndpoints.blob]"
      }
  }
}